<?xml version="1.0" encoding="UTF-8"?>
<beans xmlns="http://www.springframework.org/schema/beans"
	xmlns:xsi="http://www.w3.org/2001/XMLSchema-instance"
	xsi:schemaLocation="http://www.springframework.org/schema/beans http://www.springframework.org/schema/beans/spring-beans.xsd">

	

	<bean id="student" class="co.edureka.Student">
		<property name="name" value="Andy"></property>
		<property name="id" value="09EEACS048"></property>
        <property name="hostel">
        <bean id="hostel" class="co.edureka.Hostel">
        <property name="hostelName" value="Bangalore West Hostel"/>
         <property name="city" value="Bangalore"/>
        </bean>
        </property>   
		
	</bean>        

</beans>
