<?xml version="1.0" encoding="UTF-8"?>
<beans xmlns="http://www.springframework.org/schema/beans"
	xmlns:xsi="http://www.w3.org/2001/XMLSchema-instance"
	xmlns:context="http://www.springframework.org/schema/context"
	xsi:schemaLocation="http://www.springframework.org/schema/beans http://www.springframework.org/schema/beans/spring-beans.xsd
		http://www.springframework.org/schema/context http://www.springframework.org/schema/context/spring-context-4.1.xsd">


<context:component-scan base-package="co.edureka"/>



		<!-- <context:annotation-config/>
		
	<bean id="aBean" class="co.edureka.A"></bean>
	<bean id="bBean" class="co.edureka.B"></bean>
	
	
	<bean id="product" class="co.edureka.Product"/>
	<bean id="order" class="co.edureka.Order"/>
	
	<bean id="student" class="co.edureka.Student"/>
	
	
	<bean id="course" class="co.edureka.Course">
	<property name="duration" value="10"/>
	</bean>
	<bean id="course1" class="co.edureka.Course">
	<property name="duration" value="20"/>
	</bean>
	<bean id="course2" class="co.edureka.Course">
	<property name="duration" value="30"/>
	</bean> -->
</beans>
