<?xml version="1.0" encoding="UTF-8"?>
<beans xmlns="http://www.springframework.org/schema/beans"
	xmlns:xsi="http://www.w3.org/2001/XMLSchema-instance"
	xmlns:context="http://www.springframework.org/schema/context"
	xsi:schemaLocation="http://www.springframework.org/schema/beans http://www.springframework.org/schema/beans/spring-beans.xsd
		http://www.springframework.org/schema/context http://www.springframework.org/schema/context/spring-context-4.1.xsd">


   <bean id="course" class="co.edureka.Course"/>
 	
 <bean id="courseDAO" class="co.edureka.dao.CourseDAO" >
   <property name="dataSource" ref="ds" />
 </bean>


 <context:property-placeholder
 	location="co/edureka/properties/jdbc.properties" />
 	
 	
 	<bean id="ds" class="org.apache.commons.dbcp.BasicDataSource">  
	<property name="driverClassName" value="${jdbc.driver}" />  
	<property name="url" value="${jdbc.url}" />  
	<property name="username" value="${jdbc.username}" />  
	<property name="password" value="${jdbc.password}" />  
</bean>
 	
 	
 	
 	
 	
 	
</beans>
