<?xml version="1.0" encoding="UTF-8"?>
<!-- <beans xmlns="http://www.springframework.org/schema/beans"
	xmlns:xsi="http://www.w3.org/2001/XMLSchema-instance"
	xsi:schemaLocation="http://www.springframework.org/schema/beans http://www.springframework.org/schema/beans/spring-beans.xsd">

 -->
<beans xmlns="http://www.springframework.org/schema/beans"
	xmlns:xsi="http://www.w3.org/2001/XMLSchema-instance"
	xmlns:aop="http://www.springframework.org/schema/aop"
	xsi:schemaLocation="http://www.springframework.org/schema/aop http://www.springframework.org/schema/aop/spring-aop-4.1.xsd
		http://www.springframework.org/schema/beans http://www.springframework.org/schema/beans/spring-beans.xsd">


  <aop:aspectj-autoproxy></aop:aspectj-autoproxy>

	<bean id="sampleBean" class="co.edureka.SampleBean"></bean>
	<bean id="logBeforeAspect" class="co.edureka.ForLogging"></bean>
	<bean id="businessObject2" class="co.edureka.BusinessObject2"></bean>

<!-- 

<bean id="b2" class="co.edureka.BusinessObject2"/>
	<bean id="sampleBean" class="co.edureka.SampleBean"></bean>
	<bean id="beforeAdvisor" class="co.edureka.MethodBeforeAdvisor"></bean>
<bean id="afterAdvisor" class="co.edureka.AdviceAfterReturn"></bean>
<bean id="aroundAdvisor" class="co.edureka.AroundAdvisor"></bean>
<bean id="exceptionAdvisor" class="co.edureka.ExceptionAdvisor"></bean>



	<bean id="proxy" class="org.springframework.aop.framework.ProxyFactoryBean">
		<property name="interceptorNames">
			<list>
			<value>afterAdvisor</value>
				<value>beforeAdvisor</value>
				<value>aroundAdvisor</value>
				<value>exceptionAdvisor</value>
			</list>
		</property>
	<property name="target" ref="sampleBean"></property>
	 <property name="target" ref="b2"></property>
 	</bean> -->

</beans>
