<?xml version="1.0" encoding="UTF-8"?>
<beans xmlns="http://www.springframework.org/schema/beans"
	xmlns:xsi="http://www.w3.org/2001/XMLSchema-instance" xmlns:context="http://www.springframework.org/schema/context"
	xsi:schemaLocation="http://www.springframework.org/schema/beans http://www.springframework.org/schema/beans/spring-beans.xsd
		http://www.springframework.org/schema/context http://www.springframework.org/schema/context/spring-context-4.1.xsd">


	<context:property-placeholder location="co/edureka/properties/jdbc.properties" />

	<bean id="ds" class="org.apache.commons.dbcp.BasicDataSource">
		<property name="driverClassName" value="${jdbc.driver}" />
		<property name="url" value="${jdbc.url}" />
		<property name="username" value="${jdbc.username}" />
		<property name="password" value="${jdbc.password}" />
	</bean>

	<bean id="mysessionFactory"
		class="org.springframework.orm.hibernate3.LocalSessionFactoryBean">
		<property name="dataSource" ref="ds"></property>

		<property name="mappingResources">
			<list>
				<value>course.hbm.xml</value>
			</list>
		</property>

		<property name="hibernateProperties">
			<props>
				<prop key="hibernate.dialect">org.hibernate.dialect.MySQLDialect</prop>
				<prop key="hibernate.hbm2ddl.auto">update</prop>
				<prop key="hibernate.show_sql">true</prop>

			</props>
		</property>
	</bean>


   <bean id="hibernateTemplate" class="org.springframework.orm.hibernate3.HibernateTemplate">  
    <property name="sessionFactory" ref="mysessionFactory"></property>  
    </bean>  
      
	<bean id="courseDAO" class="co.edureka.dao.CourseDAO">
		<property name="hibernateTemplate" ref="hibernateTemplate" />
	</bean>
      


</beans>
